id,subreddit,title,time_created,num_comments,sentiment_score,pop_score,controversial,positive_count,negative_count,neutral_count
1ea46c5,science,This is a Post Title,03:10:08,16,-0.3216,0.8099414,false,5.0,1.0,0.0
1e9zbx9,aznidentity,Hung Cao Speaks at The 2024 Republican National Convention,21:52:16,13,0.0,0.0,true,2.0,1.0,0.0
1e9eam1,aznidentity,Chinese language program for overseas Chinese,06:28:32,1,-0.3612,0.8,false,0.0,0.0,0.0
1e95w39,aznidentity,The 2024 USA International Mathematical Olympiad Team wins 1st place. Alexander Wang wins 3rd place. Jessica Wan is the 4th female ever to compete in the International Mathematical Olympiad while being from the USA team.,21:52:16,27,0.9192,0.9022754,false,4.0,0.0,0.0
1e95hy8,aznidentity,"Re-Post of our Rules Regarding Trolling and Trump (from 5 years ago, valid today)",21:28:48,0,0.0,0.73269665,true,0.0,0.0,0.0
1e932q5,aznidentity,Who do I vote for president?  The effective leader of the White Nationalist movement in America (and someone who claims Asians are traitors and not real Americans) or the candidate who fought against Asian hate crimes?,19:14:24,131,0.9609,0.76594794,true,12.0,8.0,0.0
1e8mbze,aznidentity,Shoko Miyata out of Olympics‚Ä¶for smoking smh,06:28:32,4,-0.9971,0.70703906,true,1.0,0.0,0.0
1e8f0jg,aznidentity,"Tom Zhu, Elon Musk's right hand man.",22:26:24,45,0.4619,0.0,true,4.0,1.0,0.0
1e7yvsi,aznidentity,Chinese international students passing on Canada: 'Monotonous' and unaffordable,08:57:52,26,0.0,0.92847836,false,3.0,3.0,0.0
1e7sbth,aznidentity,19 year old Asian girl murdered and r*ped by WM cop in Alaska,03:10:08,32,-0.9013,0.9659316,false,2.0,9.0,0.0
1e7ocau,aznidentity,Family searches for missing Southern California girl,22:32:48,6,-0.296,0.9620274,false,2.0,1.0,0.0
1e7geep,aznidentity,NYC government setting up homeless shelter in Bensonhurst,15:30:24,7,0.9168,0.90086466,false,2.0,1.0,0.0
1e77467,aznidentity,I'm so tired that Asian statistics are constantly being left out from any narrative,08:53:36,40,-0.4927,0.93085855,false,5.0,6.0,0.0
1e6kpxm,aznidentity,Is trump causing Asian owned companies stocks to go down?,13:05:20,45,0.4685,0.69248533,true,4.0,7.0,0.0
1e6f1yf,aznidentity,Why it‚Äôs important to value the opinions of Asians more than the opinions of whites in America,09:02:08,43,-0.8936,0.8532773,false,2.0,4.0,0.0
1e5vqfo,aznidentity,Star Wars Acolyte: Wasted AM Talents Due to Crappy Writing & Directing?,15:43:12,12,0.5913,0.8460803,false,1.0,4.0,0.0
1e650n7,aznidentity,Inclusive White Supremacy?  WTF?,23:53:52,37,0.1877,0.9168688,false,4.0,1.0,0.0
1e66gzl,aznidentity,"If you're a second generation immigrant, I can't help but feel a lot of your parents made a huge mistake, and you were cut a raw deal by their mistakes.",01:36:16,127,0.8149,0.84437287,false,13.0,10.0,0.0
1e67j0h,aznidentity,"Absolutely bizarre and fetishistic excerpts from Thomas Lockley's Yasuke (the game Assassin's Creed Shadow is based off of). Emasculating, fetishistic, and disrespectful of Japanese culture. Mentions Yasuke had possible gay sex with Japan's Warlord Oda Nobunaga. Japan needs to do something",02:50:56,17,0.9997,0.8760282,false,4.0,3.0,0.0
1e5x952,aznidentity,"Korea Radio Interview: Bananarangs, Raceplay, Oxford Study, Anti-Blackness and All Things About Asian Identity & Dating",16:51:28,1,0.594,0.8074193,false,0.0,1.0,0.0
1e5tocm,aznidentity,I Made a Video: Why Japanese Hate Assassin's Creed Shadows & Why It's an Insult to Asian Men,14:17:52,28,-0.9367,0.94107634,false,13.0,1.0,0.0
1e5m0gy,aznidentity,"Joe Rogan and his guest give their expertise on Japanese people, culture and how to solve Japan‚Äôs declining population",09:06:24,77,0.8481,0.94477165,false,8.0,10.0,0.0
1e5koz1,aznidentity,Harassment because I look different,08:13:04,71,-0.9885,0.9070518,false,6.0,5.0,0.0
1e5ay37,aznidentity,The contrasting way white supremacists view indias and east asians.,23:09:04,12,0.9808,0.5096946,true,1.0,3.0,0.0
1e57jbb,aznidentity,John Woo remaking The Killer,19:54:56,7,0.8541,0.8764074,false,3.0,3.0,0.0
1efn0vp,aznidentity,The USA team wins 3 gold medals and 1 silver medal at the 2024 International Chemistry Olympiad,00:08:48,7,0.7783,0.8328778,false,3.0,0.0,0.0
1eeef1p,aznidentity,F1: Putting Yuki's name graphic on Zhou.,11:40:00,0,-0.7882,0.8956968,false,0.0,0.0,0.0
1eeffa6,aznidentity,Referee implies that Asian guy at a basketball event is the worst hooper and challenges him to a 1v1. Gets cooked,12:24:48,12,-0.8316,0.8518717,false,4.0,1.0,0.0
1edwuft,aznidentity,'Big Brother' Season 26,19:12:16,8,-0.9396,0.62268317,true,3.0,0.0,0.0
1edd0l2,aznidentity,"Being raised in an Asian family, what does that look like in your relationship with your partner?",03:12:16,12,0.9948,0.0,true,4.0,1.0,0.0
1ed6qwm,aznidentity,What's the real psychology behind self hating Asian men?,20:22:40,34,0.9887,0.78055614,false,5.0,11.0,0.0
1ed6360,aznidentity,Like a Dragon: Yakuza TV Series for Amazon Prime,19:48:32,4,0.9822,0.9393643,false,2.0,0.0,0.0
1ed24rg,aznidentity,"When did you get your \\wake up call\\\" when you realized you weren't \\\"white\\\" or \\\"black\\\"?\"",16:28:00,39,-0.919,0.83755827,false,9.0,3.0,0.0
1ectmty,aznidentity,Why Don't East Asians Unite Like Muslims?,10:18:56,71,0.9718,0.8600148,false,7.0,6.0,0.0
1ecrk71,aznidentity,Companies that are run by Asians or have a good working environment for Asians?,08:53:36,5,0.6553,0.9364196,false,2.0,1.0,0.0
1eci3ew,aznidentity,Asian people dont have pure black hair,00:25:52,10,0.154,0.7797997,false,3.0,0.0,0.0
1ecfqz8,aznidentity,Table tennis player makes Olympic debut at age 58,21:56:32,9,0.0,0.9756098,false,3.0,2.0,0.0
1ecok6x,aznidentity,How China and Japan Developed Animosity - A Very Simple Cause?,06:49:52,1,-0.7587,0.615629,true,0.0,0.0,0.0
1ecdu5y,aznidentity,Honest Question: Are Personality and Culture Hereditary?,20:09:52,14,0.9353,0.6230769,true,5.0,1.0,0.0
1ecfisp,aznidentity,Becoming too American?,21:43:44,35,0.988,0.7784876,false,4.0,1.0,0.0
1ecbrsc,aznidentity,The USA team wins 2nd place at the 2024 International Biology Olympiad,18:23:12,7,0.8126,0.84961665,false,3.0,0.0,0.0
1eby5rf,aznidentity,Olympics 2024 : Asians in Team USA. Why women more successful than men? why individual sports not team sports?,08:45:04,22,0.9244,0.7512955,false,7.0,2.0,0.0
1ebptnl,aznidentity,Are Asian people still spiritual?,01:34:08,7,0.7303,0.47685817,true,2.0,3.0,0.0
1ebtrpu,aznidentity,"Modern Chinese music. Â§úÊôöÈÉΩÂ∏ÇËäÇÂ•è [c-pop, chinese house, chinese electronic dance music, chinese techno, pop]",05:35:12,0,0.0,0.75,false,0.0,0.0,0.0
1eb4pwh,aznidentity,Interracial Marriage?,08:45:04,29,0.8053,0.0,true,4.0,3.0,0.0
1eb8ukh,aznidentity,The US (white people) accuse other countries of doping in Olympic sports...,11:33:36,23,-0.5992,0.8626767,false,2.0,4.0,0.0
1eb9rk8,aznidentity,Thoughts on MrBeast‚Äôs use of giant Asian face stickers in his early videos?,12:09:52,10,0.9051,0.71644187,true,2.0,2.0,0.0
1e9vaxn,aznidentity,Good Classical Asian Music?,18:23:12,9,0.837,0.8960303,false,4.0,1.0,0.0
1ea49pc,aznidentity,It seems Ubisoft finally decided to respond to the controversy.,03:16:32,121,-0.25,0.9336548,false,9.0,22.0,0.0
1ea47zc,aznidentity,"Trump Said Non-Whites Born in America Have No Right to say How the \\Most Powerful Nation\\\" is Governed.  And Should Go Back to their Origin Countries.  Do NOT Give Him a Pass.\"",03:14:24,59,0.2247,0.8492879,false,4.0,3.0,0.0
1ega51c,antiwork,I am going to be homeless in about 2 months.,17:59:44,0,0.9121,0.5,false,0.0,0.0,0.0
1eg9vyo,antiwork,How to get money,17:46:56,0,0.8372,0.0,true,0.0,0.0,0.0
1eg9vip,antiwork,Got in trouble for being too quiet,17:46:56,0,-0.9572,0.5,false,0.0,0.0,0.0
1eg8i6w,antiwork,Facebook login ‚Äúrequired‚Äù to schedule a call with a recruiter (who contacted me first) üòµ‚Äçüí´,16:45:04,1,0.0,0.615629,true,1.0,0.0,0.0
1eg8gx9,antiwork,I was injured at work,16:42:56,2,-0.8519,0.8,false,0.0,1.0,0.0
1eg8gpn,antiwork,How do you save energy at work so you can focus on the more important things?,16:42:56,0,0.9764,0.6666667,false,0.0,0.0,0.0
1eg85te,antiwork,Walked in to this on Sundayüö©üö©,16:30:08,12,0.0,0.8127723,false,1.0,4.0,0.0
1eg815t,antiwork,Money is dystopian and I wish to live on a commune,16:23:44,7,-0.7286,0.6071068,true,4.0,0.0,0.0
1eg7i2w,antiwork,Terrified of putting 2 weeks in,16:00:16,4,-0.9193,0.5792175,false,2.0,2.0,0.0
1eg7blr,antiwork,Motivation Gone,15:53:52,0,0.8469,0.68097395,false,0.0,0.0,0.0
1eg7b99,antiwork,"Employer screamed at me and made me go home, unsure of what to do now.",15:51:44,7,-0.9571,0.6795074,false,0.0,6.0,0.0
1eg75bd,antiwork,I think my new job might fire me,15:45:20,4,0.9133,0.5544576,true,1.0,0.0,0.0
1eg6dc9,antiwork,Minimum wage needs to be 20.00/hour. Am I wrong,15:13:20,117,-0.4767,0.81601495,false,17.0,12.0,0.0
1eg6a7p,antiwork,"indeed \\easy apply\\\"\"",15:09:04,2,0.4404,0.75,false,0.0,1.0,0.0
1eg69uj,antiwork,Here is a young spud pulling himself up by his bootstraps!,15:09:04,0,0.0,0.615629,true,0.0,0.0,0.0
1eg69m9,antiwork,How to handle the corporate culture,15:09:04,3,0.9493,0.7154822,false,0.0,2.0,0.0
1eg5wp9,antiwork,Is this sub advocating for not working or work reform?,14:54:08,28,0.0,0.4384507,true,3.0,1.0,0.0
1eg5shw,antiwork,"Intel to Cut Thousands of Jobs to Reduce Costs, Fund Turnaround",14:47:44,5,0.128,0.80359495,false,1.0,1.0,0.0
1eg5owt,antiwork,"Employer hiring someone with same role and salary. Told me there's no \\steps to progression\\\" after almost 3 years\"",14:43:28,1,0.9708,0.68097395,false,1.0,0.0,0.0
1eg5j2r,antiwork,My company announces Record breaking profits and slashes 401k in conference call,14:37:04,79,0.9841,0.9858264,false,14.0,6.0,0.0
1eg5dzz,antiwork,Homeless Patriots,14:32:48,11,-0.988,0.54032576,true,2.0,2.0,0.0
1eg5azm,antiwork,Do I Have An EEOC Case?,14:28:32,6,-0.9783,0.5792175,false,1.0,1.0,0.0
1eg5824,antiwork,The illusion of free choice,14:26:24,1,0.5106,0.95421016,false,0.0,0.0,0.0
1eg4oob,antiwork,Work didn't disclose it was union.,14:02:56,23,0.853,0.8672254,false,11.0,2.0,0.0
1eg4j9q,antiwork,Laptop Follies,13:58:40,5,-0.7269,0.3856432,true,2.0,0.0,0.0
1eg3lt5,antiwork,cool‚Ä¶cool cool cool,13:20:16,29,0.5574,0.95735747,false,4.0,7.0,0.0
1eg3la2,antiwork,OSHA Inspectors: Sound Off!,13:20:16,0,0.9135,0.5792175,false,0.0,0.0,0.0
1eg3692,antiwork,[Insert Link Here],13:03:12,1,0.0,0.9411765,false,1.0,0.0,0.0
1eg32tp,antiwork,Working in the public sector isn‚Äôt always better,13:01:04,4,-0.0626,0.875,false,2.0,0.0,0.0
1eg2t7n,antiwork,Is getting full-time work basically impossible now?,12:50:24,8,0.9347,0.6072381,true,1.0,2.0,0.0
1eg2nuv,antiwork,Found this in the wild,12:44:00,276,0.0,0.95599025,false,23.0,67.0,0.0
1eg2c7l,antiwork,Employer expects me to commute 6 hours to the office in a day for 3 days a week,12:31:12,11,0.882,0.54245716,true,3.0,1.0,0.0
1eg21e5,antiwork,Job searching can be a challenging experience.,12:18:24,3,-0.7623,0.75,false,0.0,1.0,0.0
1eg1wtz,antiwork,Job market prospects,12:14:08,0,-0.4678,0.74328125,false,0.0,0.0,0.0
1eg1osd,antiwork,Has anyone been hired by someone only to find out on starting they won't be your supervisor? How did it turn out?,12:05:36,5,0.8734,0.68097395,false,3.0,0.0,0.0
1eg1oqc,antiwork,Glassdoor is a scam,12:05:36,8,-0.6908,0.78225535,false,1.0,1.0,0.0
1eg1ba2,antiwork,Felt like this sign at my workplace belonged here,11:50:40,4,0.3612,0.0,true,0.0,0.0,0.0
1eg1714,antiwork,And this is from my GOOD supervisor.,11:44:16,2,-0.4542,0.8,false,2.0,0.0,0.0
1eg0zx6,antiwork,No drug testing,11:37:52,15,0.2732,0.44914022,true,2.0,0.0,0.0
1eg0u7o,antiwork,Just got laid off by crazy boss,11:31:28,13,0.9914,0.7733651,false,1.0,3.0,0.0
1eg0quh,antiwork,Superb take,11:27:12,29,0.6249,0.9861464,false,2.0,6.0,0.0
1eg0nk8,antiwork,"Disgusting Food Violations at Grocery store, where can I report it ?",11:22:56,1,-0.9633,0.52555037,true,0.0,0.0,0.0
1eg0ioe,antiwork,Re-Upload: Conservatives have the most bizarre mindsets,11:18:40,40,-0.3804,0.877394,false,5.0,7.0,0.0
1eg0i39,antiwork,"Just got new cameras installed, boss just came back from vacation and is now using them to micromanage us. Seriously considering quitting.",11:16:32,4,-0.7862,0.65902233,false,0.0,0.0,0.0
1eg0emc,antiwork,Boss Announces Death Of 'Dear Team Member' On LinkedIn; Looks For Replacement In The Same Post,11:14:24,16,-0.3182,0.949313,false,5.0,2.0,0.0
1eg0bfe,antiwork,"4 days, same pay",11:10:08,13,-0.1027,0.9708557,false,5.0,1.0,0.0
1eg055s,antiwork,Popcorn anyone üòÇüòÇüòÇ,11:01:36,0,0.0,0.8157958,false,0.0,0.0,0.0
1efzoqk,antiwork,Job made me PT and cut salary in half 2 months postpartum,10:44:32,6,0.6915,0.46309918,true,0.0,2.0,0.0
1eg90r8,science,"Wildfire smoke is probably harming your brain: Studies have shown that smoke doesn‚Äôt just affect the lungs ‚Äî it may also increase the risk of dementia, cognitive challenges or mental health issues.",17:06:24,5,-0.4767,0.8929056,false,1.0,1.0,0.0
1eg90qq,science,"Study finds 10% gender gap in competitiveness between men and women. Men compete more when their performance is slightly above average, while women compete only when they believe they are top performers. Suggests to bridge the gap, policies should boost girls' confidence and adjust perceptions.",17:06:24,5,0.7783,0.55719775,true,1.0,0.0,0.0
1eg6obi,science,"Wages in the Global South are 87‚Äì95% lower than wages for work of equal skill in the Global North. While Southern workers contribute 90% of the labour that powers the world economy, they receive only 21% of global income, effectively doubling the labour that is available for Northern consumption.",15:26:08,54,0.1779,0.8686675,false,4.0,3.0,0.0
1eg5jzl,science,A fearful scourge to the penguin colonies: Southern giant petrel (Macronectes giganteus) predation on living Magellanic penguins (Spheniscus magellanicus) may be more common than assumed,14:39:12,1,-0.4939,0.6389818,true,0.0,0.0,0.0
1eg51wc,science,"Genetically engineered human skin microbiome that repel disease-spreading mosquitoes has been created by scientists. On mice, it reduced mosquito attraction by up to 64.4% and the effect lasted for 11 days. By contrast, the repellent effect of DEET typically lasts just 4 to 8 hours.",14:17:52,7,0.6124,0.95574903,false,2.0,0.0,0.0
1eg36vo,science,"Drivers of heavier vehicles are more prone to reckless driving, study finds | The study found that drivers of larger, heavier vehicles are more likely to receive speeding tickets, suggesting a tendency towards riskier driving behavior.",13:05:20,83,-0.6557,0.9422986,false,8.0,6.0,0.0
1eg1nho,science,Berkeley engineers develop a means to pattern nanodiamonds into intricate patterns used for 2D quantum sensing,12:03:28,3,0.1531,0.72154796,true,0.0,0.0,0.0
1eg0jk0,science,"The rocky walls of volcanoes are studded with crystals, formed underground in hot magma. By studying how long the crystals take to form, volcanologists are calibrating so-called \\crystal clocks\\\" that reveal how long magmas can linger below ground before erupting.\"",11:18:40,1,0.0,0.74535364,false,0.0,0.0,0.0
1eg08al,science,"Research conducted over 15 years, found that people with depression at the start of the study were 74% more likely to develop dementia than those without depression.",11:05:52,75,-0.8126,0.964368,false,10.0,8.0,0.0
1eg07wc,science,"The proportion of women in the US who have attempted an abortion without medical assistance has increased since the country's Supreme Court overruled federal abortion protections, according to an international study.",11:05:52,117,0.6908,0.934016,false,8.0,1.0,0.0
1efx4yw,science,"A recent study found that chronic early-life stress can lead to neuroinflammation and reduce the capacity of the hippocampus to create new neurons, resulting in cognitive deficits| However, supplementing the diet with coffee polyphenols‚Äîcan mitigate these adverse effects in mice.",09:02:08,37,-0.4939,0.9520002,false,7.0,2.0,0.0
1efvvym,science,"New transistors switch at nanosecond speeds and deliver remarkable durability ‚Äî ferroelectric material transistor could revolutionize electronics, say MIT scientists | Promising technology could impact electronics in a big way.",08:13:04,28,0.743,0.9745457,false,2.0,2.0,0.0
1efubqc,science,Impact of 4-to-3 lane conversions on emergency response | No difference in emergency response rates from before to after road diet implementation,07:09:04,13,-0.7506,0.86769456,false,0.0,1.0,0.0
1efttmb,science,A bad case of the flu during pregnancy can increase the risk for fetal neurodevelopmental disorders such as schizophrenia and autism spectrum disorder,06:49:52,5,-0.8225,0.9114857,false,1.0,1.0,0.0
1efqolq,science,Researchers have synthesized tannic acid-coated magnetic beads capable of extracting membrane vesicles (exosomes) with 60% efficiency. This novel method will make it easier and faster to isolate exosomes from lab samples. Its chemical composition will help detect cancer in its early stages.,04:14:08,1,0.6908,0.78432477,false,0.0,0.0,0.0
1efq32d,science,"A new study from Columbia University shows that measles cases around the world surged 140% from 2010 to 2019, with declining vaccination rates in 59 of 194 nations fueled by socioeconomic factors in some low-resourced countries and vaccine reluctance in wealthier nations.",03:40:00,6,0.2023,0.92375857,false,2.0,0.0,0.0
1efpnym,science,"Black Americans, especially young Black men, face 20 times the odds of gun injury compared to whites, new data shows. Black persons made up only 12.6% of the U.S. population in 2020, but suffered 61.5% of all firearm assaults",03:12:16,3290,-0.9127,0.837434,false,19.0,53.0,0.0
1efpmdp,science,"Political tensions in the US have brought to light a behavior known as ‚Äúideological poking,‚Äù the public display of products that carry messages designed to offend political opponents. Recent research found a link between this behavior and one of the Dark Triad personality traits: psychopathy.",03:10:08,430,-0.5994,0.9262513,false,26.0,16.0,0.0
1efpkha,science,"Healthy diet with less sugar and rich in vitamins and minerals, is linked to younger biological age",03:05:52,8,0.7216,0.92399913,false,2.0,0.0,0.0
1efpf7n,science,Head posture more forward leaning in individuals with psychotic disorders. Associated with reduced cardiorespiratory fitness.,02:57:20,39,0.2732,0.8683095,false,0.0,3.0,0.0
1efmiti,science,Revolutionary method pioneered by Czech scientists reveals world's first images of chromosome structure,23:36:48,8,0.0,0.9413922,false,1.0,0.0,0.0
1efku0x,science,"Prior research has suggested chemical cues in sweat make a person smell more attractive when they‚Äôre ovulating. However, a study published this week in the Proceedings of the Royal Society B finds no evidence men can tell, let alone prefer, the smell of ovulating women.",21:50:08,62,-0.0018,0.94230616,false,5.0,3.0,0.0
1efjbhk,science,"Genetically modified parasite successfully delivers drugs across the blood-brain barrier in mice, a potential new avenue for safely and effectively getting drugs to the human brain to treat neurological diseases",20:26:56,22,0.8885,0.9385461,false,4.0,2.0,0.0
